question_title,question_description,tags,created_user
Public-key tangible task-force,Robust eco-centric productivity,2,1
Virtual zero tolerance matrices,Organized fault-tolerant solution,12,2
Cross-platform contextually-based encoding,Phased multimedia intranet,4,5
Future-proofed disintermediate adapter,Re-contextualized regional array,5,6
Organized intermediate Graphic Interface,Automated regional matrix,11,1
Enhanced 4th generation standardization,Reduced grid-enabled capability,4,3
Monitored directional knowledge base,Organic analyzing architecture,9,1
Organized asymmetric portal,Business-focused zero tolerance groupware,9,8
Enhanced systematic analyzer,Multi-layered global internet solution,8,3
Versatile foreground product,Intuitive object-oriented protocol,5,1
Upgradable upward-trending access,Public-key local contingency,10,5
Front-line national policy,Secured client-server emulation,4,5
Distributed clear-thinking knowledge user,Grass-roots local task-force,10,4
Implemented upward-trending task-force,Streamlined intangible secured line,14,5
Versatile solution-oriented workforce,Fully-configurable executive alliance,7,2
Decentralized systemic methodology,Down-sized uniform knowledge user,7,6
Exclusive asynchronous protocol,Switchable bi-directional success,2,1
Face to face empowering benchmark,Polarised zero administration task-force,5,6
Inverse bi-directional matrix,Stand-alone needs-based collaboration,5,1
Streamlined regional Graphic Interface,Business-focused 24/7 service-desk,11,1
Multi-layered secondary installation,Extended local secured line,13,8
Visionary 3rd generation encryption,Persistent contextually-based forecast,7,5
Customizable methodical array,Operative 6th generation infrastructure,10,4
Proactive hybrid challenge,Fundamental mobile policy,16,7
Down-sized dynamic interface,Multi-lateral asynchronous throughput,7,7
Multi-lateral motivating array,Seamless grid-enabled flexibility,6,2
Secured non-volatile support,Operative disintermediate hierarchy,14,6
Extended clear-thinking customer loyalty,Progressive next generation support,11,4
Self-enabling discrete moderator,Ergonomic tertiary access,13,6
Phased systematic Graphic Interface,Virtual encompassing core,1,4
Implemented solution-oriented circuit,Focused optimizing software,14,7
Streamlined optimizing emulation,Innovative bottom-line product,11,4
Cross-group eco-centric contingency,Universal 24/7 artificial intelligence,5,7
Fundamental maximized policy,Inverse directional emulation,14,7
Persevering optimizing support,Fundamental dynamic definition,4,2
Cross-platform well-modulated forecast,Digitized user-facing local area network,5,1
Organic value-added process improvement,Re-engineered zero tolerance forecast,13,1
Vision-oriented leading edge focus group,Horizontal user-facing frame,10,7
Triple-buffered directional middleware,Compatible system-worthy projection,3,1
Mandatory transitional archive,Exclusive zero defect capability,12,3
User-centric empowering structure,Stand-alone user-facing project,10,7
Decentralized even-keeled policy,Centralized reciprocal hardware,9,7
Future-proofed holistic alliance,Networked national service-desk,10,2
Cross-group dynamic complexity,Function-based foreground strategy,12,6
Profound analyzing moderator,Intuitive interactive neural-net,12,1
Devolved empowering circuit,Business-focused coherent approach,13,2
Cross-group directional access,Multi-lateral hybrid project,1,7
Team-oriented directional focus group,Multi-lateral grid-enabled application,11,3
Automated multimedia interface,Extended hybrid instruction set,11,1
Assimilated client-server algorithm,Versatile radical ability,11,2
Multi-lateral local hub,Cross-platform object-oriented forecast,2,3
Multi-layered tangible open system,Synergistic reciprocal adapter,3,2
Reduced intangible Graphic Interface,Re-contextualized cohesive attitude,7,5
Switchable tertiary complexity,Assimilated systematic local area network,15,4
Exclusive contextually-based initiative,Visionary optimizing firmware,13,4
Versatile upward-trending flexibility,Expanded system-worthy orchestration,15,2
Customer-focused interactive solution,Ameliorated stable intranet,1,4
Polarised coherent capacity,Robust real-time extranet,13,8
Multi-channelled maximized analyzer,Polarised zero administration synergy,14,7
Expanded grid-enabled methodology,Enterprise-wide asymmetric algorithm,3,2
Quality-focused value-added productivity,Reactive tangible flexibility,12,8
Expanded actuating time-frame,Networked tertiary budgetary management,9,3
User-centric analyzing hardware,Balanced encompassing firmware,5,4
Function-based 4th generation alliance,Managed impactful hierarchy,4,6
Advanced zero administration strategy,Grass-roots full-range circuit,4,5
Realigned 4th generation interface,User-centric leading edge implementation,2,1
Down-sized optimizing time-frame,Team-oriented bifurcated middleware,15,4
Optimized homogeneous workforce,Function-based holistic projection,15,2
Reduced impactful standardization,Fundamental heuristic customer loyalty,7,1
Enterprise-wide full-range ability,Enterprise-wide zero tolerance local area network,12,3
Organic stable matrix,Face to face 4th generation instruction set,16,3
Vision-oriented bottom-line product,Focused neutral complexity,5,8
Polarised executive hub,Diverse discrete archive,13,5
De-engineered client-driven hierarchy,De-engineered human-resource flexibility,8,6
Robust web-enabled process improvement,Enterprise-wide 5th generation alliance,10,5
Public-key transitional matrices,Fully-configurable needs-based firmware,11,8
Fundamental transitional approach,Automated regional function,8,5
Sharable contextually-based initiative,Intuitive systemic initiative,7,4
User-centric 24 hour emulation,Profit-focused bottom-line frame,15,2
Integrated national concept,Ergonomic holistic neural-net,9,8
Persevering reciprocal architecture,Team-oriented solution-oriented access,5,8
Enhanced motivating project,Versatile logistical knowledge base,16,2
Open-architected zero defect open system,Optional explicit archive,11,7
User-friendly explicit flexibility,Grass-roots 24/7 Graphic Interface,9,6
Down-sized human-resource adapter,Synchronised needs-based forecast,1,1
Reduced systemic adapter,Optimized 4th generation workforce,6,7
Grass-roots fresh-thinking standardization,Triple-buffered cohesive intranet,1,6
User-centric user-facing initiative,Devolved bandwidth-monitored interface,12,3
Grass-roots responsive instruction set,Future-proofed bifurcated projection,13,1
Networked modular encryption,Advanced bottom-line alliance,13,1
Expanded national access,Compatible analyzing forecast,13,3
Programmable empowering hub,Profound bottom-line success,7,1
Sharable motivating hierarchy,Phased systemic matrices,15,7
Digitized encompassing collaboration,Self-enabling 5th generation migration,6,5
Horizontal responsive pricing structure,Exclusive mobile neural-net,7,1
Balanced multi-state architecture,Triple-buffered grid-enabled adapter,15,1
Expanded 3rd generation leverage,Digitized empowering budgetary management,12,8
Streamlined zero defect function,Front-line 24 hour projection,2,2
Vision-oriented intermediate array,Phased dedicated application,2,7
Open-source heuristic adapter,Polarised demand-driven migration,11,8
Customer-focused intangible instruction set,Assimilated composite Graphic Interface,9,1
Secured non-volatile system engine,Compatible next generation paradigm,13,6
Focused 5th generation complexity,Expanded motivating Graphic Interface,10,8
Ergonomic bandwidth-monitored encryption,Implemented background infrastructure,6,5
Extended coherent success,Ergonomic regional complexity,2,6
Open-source well-modulated benchmark,Persistent content-based product,7,4
De-engineered background productivity,Open-source user-facing utilisation,13,6
Face to face background focus group,Digitized methodical focus group,3,4
Public-key bifurcated function,Digitized tangible middleware,15,4
Synchronised didactic middleware,Synergistic neutral focus group,1,1
Horizontal methodical success,Reactive needs-based initiative,15,1
Team-oriented didactic process improvement,Monitored motivating array,14,2
Vision-oriented homogeneous migration,Ameliorated upward-trending infrastructure,3,3
Customer-focused 24/7 hardware,Grass-roots hybrid toolset,8,4
Future-proofed 24 hour initiative,Digitized transitional forecast,4,2
Team-oriented dedicated installation,Enhanced tangible emulation,6,3
Triple-buffered attitude-oriented array,Open-source didactic customer loyalty,4,8
Cross-group directional model,Advanced national encoding,16,3
Upgradable neutral adapter,Ergonomic optimizing function,4,4
Focused well-modulated analyzer,Synergistic composite moderator,9,3
Realigned system-worthy definition,Synchronised zero tolerance knowledge base,5,7
Triple-buffered hybrid function,Fundamental zero defect internet solution,5,3
Quality-focused zero administration encryption,Streamlined impactful initiative,1,5
Pre-emptive grid-enabled encryption,Secured zero administration analyzer,12,3
Reactive systematic strategy,Cross-group foreground matrices,9,3
Polarised incremental matrices,Profound demand-driven artificial intelligence,11,3
Face to face optimal Graphic Interface,Pre-emptive next generation task-force,9,7
Multi-layered grid-enabled benchmark,Ameliorated asymmetric structure,13,7
Focused composite system engine,Seamless heuristic database,12,1
Polarised 5th generation approach,De-engineered 6th generation complexity,2,7
Triple-buffered tangible synergy,Profit-focused uniform local area network,1,6
Function-based tertiary parallelism,Compatible content-based service-desk,3,6
Programmable static functionalities,Face to face system-worthy framework,1,6
Progressive solution-oriented encryption,Multi-layered composite pricing structure,8,8
Switchable multi-state data-warehouse,Realigned encompassing initiative,1,2
Down-sized systemic algorithm,Managed encompassing parallelism,6,4
Function-based fault-tolerant moratorium,User-centric optimal pricing structure,4,6
Implemented object-oriented moratorium,Integrated methodical benchmark,16,4
Multi-tiered leading edge hierarchy,Fundamental content-based conglomeration,1,4
Centralized needs-based orchestration,Vision-oriented 24/7 database,4,6
Mandatory context-sensitive hub,Right-sized leading edge application,6,2
Object-based composite initiative,Cloned client-server matrices,9,6
Public-key bifurcated frame,Cloned maximized structure,6,6
Polarised logistical installation,Cloned user-facing complexity,3,2
Sharable multimedia forecast,Total empowering task-force,16,1
Organic multi-tasking time-frame,Advanced logistical contingency,14,1
User-friendly maximized core,Business-focused fault-tolerant algorithm,16,7
Progressive next generation forecast,Automated bifurcated architecture,12,6
Expanded system-worthy customer loyalty,Centralized value-added service-desk,2,1
Synergistic responsive architecture,Intuitive stable methodology,16,2
Self-enabling mission-critical open architecture,Down-sized multimedia architecture,10,8
Future-proofed bi-directional support,Future-proofed optimizing product,16,2
Future-proofed incremental groupware,Optional coherent methodology,4,5
Pre-emptive multi-tasking benchmark,Quality-focused cohesive frame,3,5
Inverse reciprocal hierarchy,Integrated encompassing neural-net,3,2
Optional full-range support,Ameliorated system-worthy open architecture,16,2
Automated bandwidth-monitored project,Front-line reciprocal array,3,5
Proactive eco-centric open system,Multi-lateral motivating firmware,5,2
Public-key multi-state migration,Virtual even-keeled concept,9,3
Phased bandwidth-monitored parallelism,Exclusive impactful matrix,13,4
Object-based zero administration orchestration,Reactive web-enabled approach,5,4
Implemented composite hardware,Horizontal systemic process improvement,1,5
Persistent object-oriented protocol,Assimilated upward-trending frame,7,1
Implemented optimizing toolset,Adaptive methodical time-frame,3,1
Managed responsive strategy,Re-contextualized incremental database,9,8
Phased 6th generation installation,Advanced incremental initiative,14,8
Decentralized bottom-line paradigm,Phased reciprocal model,1,1
Re-engineered object-oriented instruction set,Polarised optimal function,3,6
De-engineered mission-critical orchestration,Face to face reciprocal functionalities,4,1
Digitized fault-tolerant instruction set,Centralized executive collaboration,15,6
Triple-buffered object-oriented support,Team-oriented 24 hour interface,1,5
Customizable coherent product,Multi-tiered zero defect analyzer,14,2
Reverse-engineered modular approach,Re-contextualized reciprocal alliance,14,2
Reduced tertiary complexity,Team-oriented even-keeled circuit,15,8
Synergistic 24 hour function,Public-key needs-based time-frame,5,1
Decentralized coherent hierarchy,Synchronised dynamic forecast,13,4
Ameliorated 4th generation emulation,Streamlined asynchronous circuit,2,6
Compatible bandwidth-monitored frame,Seamless explicit structure,13,8
Diverse actuating algorithm,Self-enabling tertiary framework,16,7
Stand-alone web-enabled middleware,Monitored zero defect info-mediaries,13,8
Cross-platform multimedia focus group,Enhanced content-based access,16,2
Mandatory executive data-warehouse,Total well-modulated conglomeration,4,2
Intuitive system-worthy complexity,Automated even-keeled secured line,12,1
Cross-platform multimedia capacity,De-engineered bifurcated moderator,5,8
Robust web-enabled superstructure,Centralized non-volatile toolset,1,2
Optional actuating circuit,Expanded background task-force,13,3
Multi-tiered actuating customer loyalty,Business-focused system-worthy ability,12,3
Switchable cohesive circuit,Optimized foreground software,1,3
Customer-focused local toolset,Upgradable interactive conglomeration,9,2
Team-oriented grid-enabled conglomeration,Digitized national groupware,6,1
Optimized non-volatile superstructure,Operative full-range functionalities,8,5
Versatile multi-tasking utilisation,Fully-configurable logistical toolset,16,7
Re-contextualized non-volatile toolset,Monitored object-oriented portal,3,3
Networked encompassing conglomeration,Self-enabling bi-directional encoding,10,2
Customizable well-modulated internet solution,Multi-lateral grid-enabled attitude,16,4
Customer-focused responsive productivity,Reverse-engineered dynamic data-warehouse,5,5
Organic responsive open system,Front-line executive website,4,3
Function-based disintermediate emulation,Robust value-added orchestration,13,7
Self-enabling neutral toolset,Team-oriented solution-oriented installation,1,6
Cross-group full-range hierarchy,Multi-layered exuding budgetary management,15,8
Re-contextualized 6th generation Graphical User Interface,Phased motivating adapter,1,7
Optimized holistic function,Upgradable impactful infrastructure,9,2
Fully-configurable responsive synergy,Streamlined intermediate alliance,11,2
Universal systemic definition,Devolved disintermediate structure,9,1
Open-architected value-added policy,Automated optimizing protocol,5,2
Multi-layered next generation focus group,Self-enabling static approach,3,3
Digitized multimedia synergy,Profit-focused fault-tolerant knowledge base,4,6
User-centric encompassing instruction set,Persistent local database,14,7
Reduced radical policy,Synchronised homogeneous budgetary management,8,4
Switchable uniform function,Object-based 24 hour system engine,12,7
Stand-alone zero tolerance encryption,Synchronised mission-critical knowledge user,8,6
User-friendly zero tolerance synergy,Vision-oriented incremental paradigm,16,1
Self-enabling discrete access,Streamlined local budgetary management,15,3
Progressive hybrid implementation,Re-contextualized 4th generation info-mediaries,2,1
Stand-alone content-based info-mediaries,Configurable incremental toolset,9,4
Decentralized interactive interface,Decentralized secondary knowledge user,1,5
Compatible tangible architecture,Horizontal hybrid methodology,13,7
Virtual bottom-line throughput,Seamless intangible capability,15,1
Future-proofed systemic superstructure,Profound high-level moratorium,12,8
Optional bifurcated encoding,Polarised system-worthy core,11,2
Innovative 4th generation migration,Innovative foreground algorithm,8,8
Managed global solution,Devolved optimizing encoding,11,6
Business-focused stable hierarchy,Fully-configurable non-volatile instruction set,11,1
Front-line multi-tasking service-desk,Integrated well-modulated challenge,13,6
Triple-buffered user-facing encoding,Monitored multi-tasking synergy,6,7
Expanded zero tolerance emulation,Virtual radical ability,5,6
Organized neutral concept,Total dedicated intranet,4,8
Persistent local hub,Adaptive methodical forecast,9,8
Horizontal human-resource support,Switchable mission-critical hub,3,6
Centralized reciprocal pricing structure,Optimized secondary ability,8,7
Multi-channelled systemic encoding,Vision-oriented non-volatile leverage,8,7
Horizontal static info-mediaries,Enhanced methodical installation,8,1
Networked national capability,Reduced client-driven productivity,15,6
Multi-lateral context-sensitive hardware,Networked national conglomeration,9,1
Upgradable maximized interface,Streamlined interactive software,14,1
Grass-roots global middleware,Multi-channelled responsive access,16,5
Optional intermediate hub,Triple-buffered actuating process improvement,12,1
Switchable 3rd generation solution,Assimilated bifurcated concept,3,5
Reverse-engineered even-keeled adapter,Horizontal 6th generation forecast,10,2
Mandatory responsive initiative,Implemented dynamic protocol,4,7
Multi-tiered content-based alliance,Total 6th generation model,7,7
Function-based foreground infrastructure,Open-source well-modulated model,9,6
Horizontal didactic support,Face to face high-level service-desk,2,5
Face to face human-resource neural-net,Object-based disintermediate extranet,4,2
Managed hybrid intranet,Multi-layered stable flexibility,9,2
Organic high-level complexity,Synergistic encompassing monitoring,5,7
Digitized fresh-thinking toolset,Upgradable scalable support,10,8
Business-focused 5th generation system engine,Business-focused eco-centric superstructure,5,6
Multi-channelled neutral matrix,Configurable zero defect array,10,8
Assimilated optimizing process improvement,Decentralized 24 hour project,11,4
Multi-tiered optimal standardization,De-engineered multi-tasking emulation,15,8
Proactive mission-critical orchestration,Enterprise-wide secondary throughput,2,6
Digitized solution-oriented conglomeration,Distributed bandwidth-monitored groupware,7,7
Adaptive 6th generation flexibility,Cross-group eco-centric function,6,4
Re-contextualized foreground circuit,Multi-lateral high-level moratorium,15,5
Exclusive encompassing hardware,Right-sized local monitoring,2,4
Multi-layered real-time encoding,Automated user-facing alliance,4,2
Fundamental local strategy,Optional foreground toolset,15,1
Progressive fault-tolerant hub,Reactive 6th generation structure,14,1
Automated mobile instruction set,Devolved 24/7 initiative,3,4
Streamlined encompassing groupware,Down-sized human-resource policy,14,7
Profound 24 hour challenge,Switchable leading edge data-warehouse,11,6
Versatile dynamic collaboration,Vision-oriented high-level circuit,15,5
De-engineered intangible moratorium,Advanced encompassing infrastructure,1,5
Cloned scalable matrix,Implemented solution-oriented application,1,8
Universal executive synergy,Polarised grid-enabled firmware,13,6
Business-focused heuristic moratorium,Down-sized static hierarchy,11,6
Reduced value-added strategy,Organic bi-directional project,5,5
Fully-configurable multimedia adapter,Advanced radical alliance,6,4
Implemented bottom-line service-desk,Synergistic grid-enabled process improvement,7,7
Automated systemic forecast,De-engineered bifurcated superstructure,2,8
Streamlined zero administration strategy,Automated dedicated artificial intelligence,4,7
Diverse well-modulated ability,Ameliorated mobile application,6,5
Synchronised scalable moderator,Multi-tiered national toolset,16,2
Ergonomic 4th generation hierarchy,Business-focused fresh-thinking time-frame,16,5
Implemented intangible matrices,Cross-platform mobile process improvement,14,5
Distributed encompassing hub,Team-oriented heuristic encryption,8,3
Multi-layered 6th generation matrix,Seamless actuating protocol,2,3
User-centric incremental framework,Ameliorated well-modulated forecast,13,7
Versatile bi-directional alliance,Cloned discrete implementation,10,6
Focused grid-enabled encryption,Customizable high-level analyzer,8,7
Realigned 4th generation functionalities,Fully-configurable regional emulation,5,2
Diverse secondary structure,Optimized bottom-line structure,15,8
Exclusive mission-critical hardware,Streamlined encompassing ability,1,7
Team-oriented foreground database,User-friendly even-keeled encoding,11,1
Expanded even-keeled protocol,Stand-alone even-keeled methodology,12,5
Enhanced bottom-line hierarchy,Seamless 3rd generation implementation,11,2
Optional tangible functionalities,Team-oriented systemic service-desk,16,3
Optimized maximized migration,Horizontal next generation local area network,1,8
Cross-platform grid-enabled knowledge base,Inverse attitude-oriented monitoring,8,2
Cross-platform context-sensitive contingency,Multi-tiered asynchronous leverage,10,2
Persevering bifurcated algorithm,Exclusive context-sensitive definition,14,5
Decentralized global middleware,Reverse-engineered human-resource analyzer,8,3
Focused attitude-oriented leverage,Diverse disintermediate circuit,7,1
Vision-oriented optimizing strategy,Right-sized client-server access,1,1
Innovative real-time service-desk,Multi-lateral user-facing architecture,12,7
Realigned empowering moderator,Assimilated foreground adapter,4,3
Synergized 3rd generation firmware,Right-sized reciprocal database,6,5
Profound asymmetric internet solution,Diverse interactive time-frame,11,6
Seamless real-time adapter,Re-engineered responsive attitude,15,4
Assimilated zero defect open system,Organized dedicated Graphical User Interface,8,2
Customer-focused local system engine,Implemented motivating Graphical User Interface,6,8
Cross-platform explicit neural-net,Customer-focused exuding protocol,6,1
Ameliorated secondary interface,Cross-group logistical local area network,14,1
Team-oriented multimedia capacity,Integrated non-volatile functionalities,15,7
De-engineered coherent product,Cross-group next generation strategy,6,5
Advanced optimal implementation,Innovative methodical support,2,4
Balanced value-added focus group,Open-architected client-server capacity,14,2
Devolved even-keeled database,Multi-lateral mobile implementation,2,5
Configurable solution-oriented moratorium,Cross-group static success,8,3
Synergized maximized strategy,Reactive 6th generation project,1,2
Streamlined interactive data-warehouse,Inverse high-level model,2,4
Ameliorated scalable success,De-engineered tangible task-force,1,1
Persevering coherent customer loyalty,User-friendly 5th generation policy,2,7
Profound solution-oriented paradigm,Re-engineered scalable access,12,6
Configurable well-modulated knowledge user,Cross-platform demand-driven definition,6,5
Implemented client-driven secured line,Optimized methodical secured line,1,8
Front-line dedicated system engine,Grass-roots optimal instruction set,7,4
Open-architected stable hub,Operative fresh-thinking workforce,15,8
Down-sized asynchronous array,Reactive disintermediate architecture,2,5
Organized foreground contingency,Versatile secondary neural-net,10,4
Managed demand-driven matrix,Profit-focused full-range architecture,10,4
Secured optimizing help-desk,Extended next generation algorithm,7,4
Proactive neutral benchmark,Grass-roots non-volatile pricing structure,15,3
Secured next generation framework,Multi-layered systematic access,8,6
Synergized attitude-oriented framework,Switchable bifurcated intranet,9,5
Realigned optimal matrices,Diverse client-driven superstructure,6,2
Seamless zero defect concept,Operative logistical framework,12,3
Down-sized asynchronous infrastructure,Upgradable foreground open architecture,8,6
User-centric bottom-line instruction set,Profound solution-oriented hub,6,5
Streamlined holistic initiative,Streamlined needs-based encoding,7,4
Open-source incremental implementation,Persevering impactful orchestration,2,4
Assimilated empowering system engine,Advanced value-added open architecture,1,2
Robust systematic installation,Distributed impactful projection,11,1
Exclusive real-time process improvement,Function-based holistic secured line,14,3
Switchable coherent pricing structure,Enterprise-wide 4th generation matrices,3,1
Self-enabling disintermediate definition,Progressive zero defect algorithm,16,8
Versatile solution-oriented model,Persevering intangible definition,5,4
Re-contextualized next generation installation,Organic executive definition,6,1
Horizontal bi-directional alliance,Assimilated demand-driven strategy,7,2
Up-sized analyzing challenge,Devolved system-worthy product,12,2
Multi-lateral regional secured line,Triple-buffered dedicated budgetary management,7,8
Configurable uniform migration,Automated directional workforce,3,3
Horizontal encompassing knowledge base,Centralized didactic monitoring,7,3
Stand-alone leading edge circuit,Horizontal clear-thinking encryption,15,1
Front-line optimal infrastructure,Down-sized bottom-line frame,5,3
Total systematic hierarchy,Intuitive transitional synergy,7,7
Optional mission-critical neural-net,Integrated explicit intranet,16,7
Ergonomic systemic initiative,Quality-focused regional model,7,3
Enterprise-wide 24/7 hierarchy,Distributed intermediate parallelism,6,7
Self-enabling intangible concept,Switchable reciprocal alliance,3,2
Decentralized 4th generation infrastructure,Universal object-oriented contingency,2,4
Extended executive monitoring,Public-key contextually-based benchmark,13,5
Business-focused context-sensitive hierarchy,Triple-buffered cohesive concept,9,3
Expanded homogeneous hardware,Devolved full-range framework,6,8
Exclusive global matrices,Face to face next generation array,15,4
Re-engineered optimizing process improvement,Devolved analyzing artificial intelligence,9,7
Customizable encompassing array,Switchable dynamic structure,10,5
Quality-focused value-added open system,Quality-focused intermediate model,12,5
Face to face zero administration Graphical User Interface,Front-line impactful knowledge base,15,4
Streamlined systematic alliance,Reverse-engineered local archive,13,8
Quality-focused analyzing synergy,Cross-platform actuating instruction set,5,5
Inverse needs-based initiative,Intuitive static interface,9,4
Open-architected national intranet,Business-focused system-worthy benchmark,13,5
Persistent contextually-based frame,Cloned intermediate standardization,2,8
Open-source 24/7 functionalities,Front-line dynamic portal,1,1
Open-architected maximized firmware,Expanded responsive budgetary management,16,1
Open-source systemic firmware,Polarised impactful hardware,16,1
Expanded impactful solution,Configurable maximized forecast,6,2
Ergonomic responsive frame,User-friendly bottom-line intranet,11,4
Right-sized foreground moderator,Extended responsive local area network,15,1
Pre-emptive bandwidth-monitored definition,Realigned executive throughput,4,1
Diverse intangible superstructure,Programmable client-server adapter,14,5
Extended user-facing help-desk,Business-focused secondary success,10,8
Exclusive client-server installation,Focused global challenge,2,8
Optional optimizing architecture,Seamless well-modulated implementation,8,6
Automated needs-based firmware,Fundamental client-driven focus group,10,7
Up-sized stable neural-net,Fully-configurable attitude-oriented productivity,14,2
Implemented 24/7 contingency,Virtual modular complexity,7,4
Mandatory stable model,Assimilated fresh-thinking strategy,16,5
Secured heuristic paradigm,Adaptive foreground conglomeration,8,3
Profit-focused web-enabled knowledge base,Diverse web-enabled paradigm,12,8
Advanced interactive archive,Expanded even-keeled help-desk,12,7
Diverse contextually-based support,Digitized global application,2,1
Pre-emptive explicit moratorium,Networked zero administration policy,16,1
Advanced bandwidth-monitored core,Realigned asymmetric algorithm,10,8
Synchronised modular installation,Streamlined explicit open system,6,8
Profound object-oriented capacity,Multi-tiered homogeneous moderator,14,6
Reactive secondary task-force,Customizable explicit capacity,8,3
Integrated dedicated emulation,Open-source local artificial intelligence,4,4
Multi-layered transitional success,Secured human-resource structure,6,8
Cloned high-level core,Configurable next generation ability,15,1
Enterprise-wide impactful open architecture,Integrated stable knowledge base,8,2
Realigned 4th generation core,Customizable analyzing installation,9,1
Realigned 24/7 project,Grass-roots intangible hierarchy,6,4
Quality-focused exuding budgetary management,Grass-roots mission-critical secured line,13,6
Grass-roots dynamic success,Fully-configurable client-server monitoring,16,7
Exclusive leading edge instruction set,Reverse-engineered incremental support,8,8
Reactive encompassing circuit,Ameliorated didactic database,5,2
Programmable mobile concept,Team-oriented user-facing interface,3,7
Enterprise-wide stable superstructure,User-friendly dedicated flexibility,5,3
Managed foreground ability,Multi-lateral zero defect conglomeration,16,7
Distributed tangible ability,Networked coherent ability,7,8
Polarised contextually-based leverage,Organized grid-enabled intranet,2,7
Self-enabling 24 hour challenge,Multi-channelled web-enabled methodology,7,3
Streamlined secondary paradigm,Implemented user-facing secured line,10,7
Synchronised contextually-based migration,Re-engineered optimizing approach,9,8
Optional object-oriented conglomeration,Progressive discrete info-mediaries,8,8
Profit-focused web-enabled task-force,Re-engineered executive secured line,1,8
Up-sized coherent framework,Multi-channelled high-level projection,9,2
Persevering directional system engine,Ameliorated 4th generation open architecture,16,2
Enterprise-wide even-keeled website,Ameliorated homogeneous attitude,1,8
Cloned web-enabled pricing structure,Multi-lateral incremental functionalities,9,5
Quality-focused grid-enabled hardware,Customizable optimizing model,6,4
Enterprise-wide 24 hour encoding,Secured systemic middleware,8,7
Face to face uniform secured line,Visionary intangible open architecture,11,4
Automated multimedia orchestration,Seamless directional challenge,8,3
Networked 24 hour matrix,Compatible responsive utilisation,8,6
Progressive executive concept,Synchronised local flexibility,3,5
User-friendly multi-tasking hardware,Triple-buffered explicit process improvement,12,5
Customer-focused 24 hour paradigm,Mandatory asynchronous leverage,8,7
Multi-channelled composite collaboration,Phased non-volatile framework,14,1
Exclusive zero administration support,Ergonomic regional project,6,4
Implemented asynchronous methodology,Enterprise-wide secondary encoding,7,3
Visionary reciprocal architecture,Multi-channelled systemic groupware,11,8
Devolved multi-tasking solution,Customer-focused impactful architecture,8,7
Multi-layered upward-trending parallelism,Future-proofed composite challenge,3,5
Profound hybrid knowledge base,Enhanced maximized artificial intelligence,12,6
Customizable non-volatile product,Streamlined multimedia parallelism,16,3
Stand-alone well-modulated complexity,Re-engineered well-modulated matrices,9,5
Visionary methodical productivity,Progressive modular leverage,14,4
Cloned client-server circuit,Organic value-added capability,1,4
Networked hybrid functionalities,Optimized background service-desk,2,4
Public-key 3rd generation workforce,Ameliorated hybrid secured line,14,7
Extended bi-directional knowledge base,Visionary zero tolerance forecast,9,6
Profound 24 hour paradigm,Implemented discrete migration,14,3
Pre-emptive multi-tasking alliance,Multi-channelled demand-driven website,1,2
Function-based mission-critical emulation,Versatile hybrid alliance,12,7
Cross-group dynamic matrix,Integrated intangible portal,5,8
Realigned dedicated system engine,Down-sized grid-enabled forecast,10,2
Polarised content-based attitude,Diverse bottom-line access,1,2
Synergistic even-keeled forecast,Right-sized stable encoding,9,2
Stand-alone didactic utilisation,Multi-lateral scalable benchmark,1,7
Fundamental zero tolerance frame,Open-architected asynchronous Graphical User Interface,13,3
Open-architected tertiary attitude,Multi-channelled full-range structure,2,3
Secured heuristic secured line,Vision-oriented full-range algorithm,6,7
Function-based secondary attitude,Secured needs-based algorithm,2,5
Extended content-based flexibility,Networked 3rd generation encryption,8,4
Distributed context-sensitive internet solution,Public-key impactful strategy,8,6
Automated real-time open system,Balanced fault-tolerant data-warehouse,11,5
Future-proofed even-keeled open architecture,Devolved web-enabled productivity,9,8
Visionary didactic open architecture,Balanced reciprocal concept,12,5
Future-proofed executive frame,Ameliorated object-oriented local area network,12,7
Self-enabling disintermediate frame,Networked system-worthy framework,8,4
Devolved neutral open system,Persevering solution-oriented focus group,7,8
Intuitive object-oriented artificial intelligence,Advanced secondary contingency,15,2
Cross-platform reciprocal open architecture,Multi-layered background benchmark,14,8
Managed mobile info-mediaries,Future-proofed zero defect definition,9,5
Triple-buffered asynchronous groupware,Phased non-volatile parallelism,3,1
Optimized fault-tolerant policy,Object-based homogeneous flexibility,16,2
Automated high-level info-mediaries,Distributed demand-driven protocol,2,7
Reverse-engineered content-based definition,Front-line optimal intranet,16,5
Customer-focused solution-oriented leverage,Ameliorated non-volatile moderator,12,3
Intuitive national time-frame,Exclusive solution-oriented productivity,8,3
Visionary composite standardization,Cross-platform dynamic superstructure,14,2
Advanced radical productivity,Cross-platform holistic instruction set,15,3
Customer-focused actuating task-force,Digitized full-range framework,5,2
Re-engineered radical knowledge base,Balanced systemic benchmark,4,3
Implemented background knowledge base,Digitized regional methodology,6,6
Progressive systemic migration,Advanced scalable ability,6,7
Organized client-server methodology,Organized 6th generation attitude,11,4
Robust logistical portal,Customer-focused leading edge encryption,13,1
Reduced composite policy,De-engineered value-added collaboration,10,8
Balanced attitude-oriented Graphic Interface,Seamless foreground time-frame,2,6
Multi-lateral bifurcated matrices,Multi-layered 3rd generation productivity,5,1
Configurable local database,Profound responsive concept,15,7
Intuitive system-worthy system engine,Fundamental bottom-line service-desk,6,7
Visionary reciprocal project,Switchable 24 hour internet solution,1,6
De-engineered tertiary paradigm,Progressive demand-driven alliance,15,4
Organized upward-trending collaboration,Integrated value-added collaboration,16,1
Future-proofed system-worthy conglomeration,Future-proofed zero administration leverage,1,6
Re-contextualized transitional matrices,Balanced 4th generation capability,10,1
Cross-group exuding matrices,Innovative fresh-thinking matrix,5,6
Total user-facing productivity,Down-sized static groupware,2,8
Intuitive bandwidth-monitored frame,Reverse-engineered motivating hardware,3,3
Sharable solution-oriented ability,Front-line impactful standardization,9,3
Robust heuristic solution,Organized static approach,6,2
Multi-channelled local protocol,User-friendly homogeneous throughput,1,8
Synergistic explicit local area network,Extended global project,11,8
Enterprise-wide full-range portal,Stand-alone bandwidth-monitored groupware,10,1
Operative heuristic portal,Profit-focused hybrid collaboration,2,1
Business-focused even-keeled attitude,Reverse-engineered motivating encryption,7,4
Networked optimizing attitude,Pre-emptive optimizing initiative,10,4
Horizontal 24 hour analyzer,Assimilated even-keeled policy,9,5
Front-line context-sensitive throughput,Configurable heuristic encoding,1,8
Focused exuding Graphic Interface,De-engineered coherent matrices,6,7
Versatile demand-driven info-mediaries,Ameliorated impactful matrices,3,3
Multi-tiered composite process improvement,Vision-oriented leading edge interface,3,8
Compatible global leverage,Extended secondary time-frame,14,1
Universal asynchronous projection,Organic systemic project,9,3
Open-source 24 hour task-force,Operative tangible challenge,9,4
Streamlined bifurcated orchestration,Open-source bi-directional function,1,2
User-friendly full-range emulation,Up-sized next generation parallelism,11,5
Synergistic local time-frame,Balanced upward-trending forecast,3,7
Virtual client-server software,Fully-configurable explicit benchmark,13,8
Universal composite matrices,Visionary radical core,3,8
Synergized incremental architecture,Self-enabling neutral neural-net,5,6
Future-proofed intangible complexity,Open-architected 3rd generation workforce,7,4
Streamlined empowering solution,Organic 4th generation challenge,14,6
Optimized motivating pricing structure,Assimilated radical neural-net,13,3
Integrated even-keeled extranet,Universal bandwidth-monitored leverage,5,3
Reactive holistic encryption,Re-engineered intangible initiative,14,6
Open-architected incremental capacity,Function-based regional hardware,10,6
Self-enabling interactive capacity,Polarised contextually-based structure,2,3
Advanced human-resource complexity,Enterprise-wide cohesive matrix,15,5
Fully-configurable demand-driven pricing structure,Function-based asynchronous open architecture,2,1
Reactive incremental approach,Re-engineered optimal installation,1,7
Distributed reciprocal contingency,Programmable composite policy,2,3
Intuitive asymmetric leverage,Optional multimedia open architecture,5,6
Expanded motivating solution,Advanced composite matrix,11,1
Configurable radical concept,Reactive grid-enabled circuit,6,6
Seamless well-modulated artificial intelligence,Future-proofed national structure,9,8
Up-sized multi-state benchmark,Implemented object-oriented concept,13,4
Networked bi-directional service-desk,Seamless bi-directional Graphical User Interface,1,6
Re-contextualized mobile data-warehouse,Reverse-engineered user-facing architecture,13,4
Grass-roots bandwidth-monitored encoding,Diverse logistical application,8,8
Multi-channelled context-sensitive attitude,Polarised exuding protocol,2,4
Fundamental intangible concept,Proactive mobile challenge,13,4
Total stable info-mediaries,Adaptive asynchronous circuit,6,6
Sharable impactful projection,Synergized didactic hierarchy,12,4
Quality-focused national strategy,Programmable tertiary neural-net,3,3
Compatible scalable protocol,Ameliorated motivating portal,7,3
Synergized exuding knowledge base,Cross-platform actuating circuit,8,3
Switchable dynamic instruction set,Decentralized actuating website,15,6
Multi-lateral intangible core,Seamless client-server attitude,12,8
Decentralized grid-enabled workforce,Optimized secondary policy,15,1
Digitized uniform protocol,Organized regional initiative,5,2
Networked attitude-oriented groupware,Universal systemic core,6,6
Fully-configurable needs-based system engine,Ergonomic client-driven solution,5,5
Multi-tiered responsive data-warehouse,Enterprise-wide radical project,1,5
Universal methodical archive,Cross-group full-range installation,4,6
Cloned fresh-thinking solution,Pre-emptive well-modulated success,9,4
Monitored executive adapter,Versatile fresh-thinking application,2,8
Progressive system-worthy leverage,Monitored local circuit,11,3
Monitored actuating task-force,Devolved uniform encryption,14,2
Seamless dynamic internet solution,Enhanced encompassing architecture,7,2
Distributed multimedia Graphical User Interface,Down-sized real-time encoding,5,8
Horizontal intermediate service-desk,Customer-focused contextually-based adapter,5,4
Advanced context-sensitive matrices,Organic attitude-oriented challenge,2,6
Digitized maximized capability,Future-proofed scalable firmware,13,8
Customizable client-server conglomeration,Up-sized user-facing website,10,3
Reactive holistic knowledge user,Advanced scalable installation,14,1
Versatile bandwidth-monitored monitoring,Compatible 4th generation emulation,1,3
Reduced contextually-based installation,Synergized interactive extranet,5,6
Up-sized eco-centric time-frame,Realigned solution-oriented success,2,8
Sharable scalable interface,Enhanced radical leverage,15,4
Advanced actuating info-mediaries,Down-sized heuristic hierarchy,4,7
Persistent needs-based synergy,Seamless user-facing collaboration,6,1
Persevering leading edge adapter,Profound hybrid frame,10,8
User-friendly bifurcated strategy,Organized cohesive migration,14,8
Front-line client-server groupware,Switchable regional Graphical User Interface,6,3
Organic explicit productivity,Monitored bandwidth-monitored hub,13,7
Organic next generation interface,Persistent analyzing product,13,7
Re-contextualized well-modulated ability,Monitored national service-desk,5,5
Horizontal analyzing instruction set,Profound analyzing open system,10,3
Seamless asymmetric internet solution,Horizontal zero tolerance utilisation,7,5
Multi-lateral homogeneous model,Customizable next generation policy,2,6
Multi-lateral holistic benchmark,Down-sized composite forecast,6,2
Advanced scalable extranet,Inverse systematic database,13,3
Down-sized 24 hour frame,Virtual analyzing definition,4,8
Extended directional project,Expanded hybrid instruction set,9,8
Focused dedicated protocol,Cloned object-oriented info-mediaries,16,8
Cloned client-server pricing structure,Visionary bifurcated capability,11,7
Function-based mission-critical process improvement,Upgradable 3rd generation capacity,4,6
Open-architected cohesive ability,Face to face composite moderator,8,4
Seamless exuding intranet,Synchronised responsive application,2,1
Intuitive stable throughput,Re-contextualized dedicated installation,9,5
Up-sized motivating productivity,Implemented actuating workforce,7,6
Managed contextually-based initiative,Exclusive executive hub,4,4
Persistent optimal complexity,Cloned regional definition,1,1
Self-enabling 4th generation time-frame,Integrated methodical hub,13,1
Open-architected foreground adapter,Synchronised 4th generation pricing structure,1,1
Re-contextualized explicit algorithm,Innovative clear-thinking initiative,11,2
Proactive optimizing application,Streamlined radical support,16,5
Extended explicit interface,Synergized full-range protocol,15,4
Assimilated client-server software,Future-proofed bi-directional Graphic Interface,12,4
Automated empowering moratorium,User-centric fresh-thinking hub,2,5
Future-proofed bottom-line matrix,Managed contextually-based challenge,3,6
Virtual explicit local area network,Progressive maximized success,6,7
Synergistic explicit interface,Enhanced incremental customer loyalty,12,6
Intuitive next generation benchmark,Phased exuding instruction set,6,6
Cross-platform attitude-oriented conglomeration,Open-architected secondary framework,11,8
Optional 4th generation standardization,Configurable mobile support,5,4
Optional contextually-based capacity,Implemented 4th generation initiative,10,5
Future-proofed maximized pricing structure,Balanced tangible function,4,7
Cloned 24 hour architecture,Cross-platform eco-centric installation,12,4
Optional transitional hardware,Right-sized multimedia success,12,8
Universal well-modulated project,Multi-tiered holistic help-desk,10,8
Fully-configurable bandwidth-monitored access,Reduced zero defect orchestration,13,3
Business-focused demand-driven standardization,Vision-oriented eco-centric function,15,5
Assimilated tangible intranet,Enhanced global data-warehouse,2,6
Versatile next generation access,Organized contextually-based analyzer,7,2
Future-proofed composite standardization,Organic 5th generation knowledge user,15,2
Centralized next generation approach,Reactive responsive open system,12,3
Profit-focused leading edge flexibility,Grass-roots explicit monitoring,6,7
Managed fault-tolerant workforce,Multi-layered national strategy,13,7
Decentralized national focus group,Exclusive grid-enabled core,8,2
Vision-oriented next generation protocol,Quality-focused even-keeled conglomeration,6,2
User-friendly cohesive knowledge user,Public-key system-worthy leverage,5,7
Stand-alone foreground task-force,Optional motivating collaboration,13,6
Implemented actuating initiative,De-engineered motivating neural-net,3,5
Proactive web-enabled workforce,Up-sized systemic task-force,9,4
Automated exuding implementation,Right-sized motivating solution,4,7
Persistent asymmetric parallelism,Enhanced stable middleware,6,5
Visionary modular frame,Exclusive multi-state hardware,11,8
Managed real-time focus group,Programmable directional matrix,11,5
Open-source multi-state hardware,Implemented composite orchestration,2,8
Robust global task-force,Synergized bandwidth-monitored analyzer,14,6
Streamlined intangible projection,Phased human-resource groupware,12,3
Object-based actuating open architecture,Public-key homogeneous data-warehouse,8,7
Compatible systematic access,Pre-emptive scalable core,15,7
Open-architected full-range solution,Virtual stable frame,11,4
Progressive responsive data-warehouse,Assimilated fresh-thinking architecture,9,4
User-friendly system-worthy interface,Progressive discrete info-mediaries,14,8
Organized national complexity,Networked client-server workforce,12,5
Team-oriented systemic application,Managed attitude-oriented matrices,1,5
Front-line value-added paradigm,Robust dedicated support,15,1
Multi-layered grid-enabled hierarchy,Extended bottom-line alliance,4,5
Devolved 24/7 success,Fundamental fresh-thinking encoding,10,2
Grass-roots leading edge process improvement,Virtual 24/7 service-desk,11,3
Proactive encompassing array,Persistent multi-tasking customer loyalty,9,5
Re-engineered bottom-line productivity,Cloned executive core,9,8
Cross-group tangible service-desk,Centralized stable frame,7,1
Automated multimedia analyzer,Managed incremental encoding,4,5
Programmable static open system,Profit-focused national throughput,1,5
Compatible 3rd generation capability,Public-key reciprocal time-frame,16,7
Pre-emptive mobile complexity,Progressive bottom-line service-desk,10,4
Managed 24 hour application,Grass-roots cohesive conglomeration,4,2
Cloned 24/7 installation,Visionary actuating budgetary management,16,4
Team-oriented transitional approach,Adaptive attitude-oriented Graphic Interface,9,2
Customer-focused demand-driven parallelism,Profound national groupware,12,3
Grass-roots explicit function,Reduced web-enabled policy,4,6
Operative next generation capability,Stand-alone regional matrix,10,3
Reverse-engineered secondary process improvement,Cross-platform upward-trending leverage,14,5
Assimilated national installation,Secured dynamic definition,1,8
Future-proofed attitude-oriented frame,Open-architected multimedia secured line,11,2
Virtual encompassing groupware,Digitized fault-tolerant frame,4,4
Expanded human-resource approach,Ameliorated background leverage,8,1
Reactive 24/7 challenge,Vision-oriented impactful alliance,4,3
Vision-oriented non-volatile initiative,Digitized discrete time-frame,1,7
Team-oriented reciprocal archive,Cross-platform radical architecture,6,3
Implemented asymmetric customer loyalty,Function-based didactic local area network,10,1
Re-engineered next generation moderator,Multi-tiered web-enabled product,9,3
Object-based 24 hour interface,Exclusive optimal product,4,6
Object-based next generation utilisation,Centralized static protocol,15,8
Universal asynchronous hardware,Reduced bottom-line help-desk,2,7
Triple-buffered client-server conglomeration,Distributed attitude-oriented emulation,16,8
Managed upward-trending database,Decentralized background benchmark,6,5
Decentralized optimal local area network,Down-sized tangible time-frame,1,7
Centralized empowering toolset,Persistent responsive flexibility,8,7
Seamless regional groupware,Visionary zero administration benchmark,6,1
Extended neutral frame,Operative clear-thinking flexibility,15,3
User-centric homogeneous framework,Down-sized client-driven frame,10,6
Face to face systemic conglomeration,Re-engineered attitude-oriented architecture,8,1
Focused disintermediate firmware,Integrated explicit utilisation,5,3
Centralized full-range budgetary management,Operative incremental Graphical User Interface,4,3
Pre-emptive hybrid array,Digitized analyzing local area network,12,4
Optional asymmetric knowledge base,Intuitive exuding alliance,14,1
Self-enabling 6th generation strategy,Phased upward-trending frame,1,6
Compatible local productivity,Proactive modular website,2,2
Profound homogeneous policy,Re-engineered homogeneous productivity,9,5
Expanded object-oriented process improvement,Polarised national model,13,2
Assimilated actuating matrix,Networked leading edge encryption,9,6
Focused attitude-oriented middleware,Open-source global superstructure,12,2
Up-sized foreground emulation,Networked systemic flexibility,15,8
Reactive human-resource moratorium,Multi-channelled analyzing local area network,9,5
Synergized responsive forecast,Horizontal incremental website,3,7
Team-oriented dynamic encryption,Stand-alone composite methodology,1,7
Open-source global open system,User-friendly executive flexibility,13,1
Object-based leading edge help-desk,Reduced 24/7 orchestration,8,4
Networked user-facing challenge,Down-sized cohesive support,9,1
Synchronised leading edge initiative,Open-source foreground software,15,2
Monitored bifurcated system engine,Exclusive disintermediate data-warehouse,2,4
Synchronised asynchronous pricing structure,Focused zero defect moderator,7,7
Balanced bottom-line paradigm,Stand-alone optimal open architecture,8,5
Managed mobile methodology,Optional national moratorium,16,3
Function-based client-server knowledge user,Distributed intermediate website,16,2
Sharable maximized methodology,Balanced discrete projection,1,8
Pre-emptive responsive encryption,Open-architected eco-centric model,5,3
Universal multimedia hub,Open-source static secured line,7,4
Vision-oriented analyzing emulation,Programmable mobile collaboration,7,5
Customer-focused foreground task-force,Vision-oriented attitude-oriented artificial intelligence,3,4
Mandatory empowering circuit,Universal 5th generation challenge,1,1
Sharable responsive interface,Public-key didactic matrix,11,5
Function-based didactic open system,Re-engineered secondary budgetary management,9,8
Networked multi-tasking migration,Universal executive installation,3,2
Multi-tiered bi-directional task-force,Multi-channelled asymmetric methodology,12,5
Grass-roots grid-enabled concept,Organized neutral infrastructure,8,5
Future-proofed bi-directional access,Ameliorated clear-thinking knowledge user,5,7
Cloned global success,Persistent impactful utilisation,15,2
Multi-lateral transitional extranet,Streamlined coherent artificial intelligence,13,2
Switchable empowering website,Open-source hybrid budgetary management,4,8
Up-sized didactic customer loyalty,Proactive real-time initiative,13,5
Balanced global focus group,Synergistic 6th generation solution,7,7
Down-sized uniform protocol,De-engineered intangible access,11,4
Ergonomic multi-state alliance,Distributed optimal neural-net,6,3
Multi-tiered incremental software,Synchronised static superstructure,7,1
Right-sized foreground instruction set,Customizable methodical array,9,1
Focused eco-centric ability,Devolved fresh-thinking firmware,9,3
Customizable system-worthy conglomeration,Organic discrete knowledge user,12,3
Vision-oriented needs-based installation,Implemented human-resource focus group,16,7
Right-sized attitude-oriented info-mediaries,Configurable foreground encoding,16,5
Organic bi-directional project,Progressive stable challenge,6,2
Monitored asynchronous adapter,Profound impactful product,9,8
Programmable mission-critical info-mediaries,Proactive web-enabled website,7,6
Synergistic eco-centric support,Digitized multi-state definition,4,3
Visionary zero tolerance hub,Ergonomic asymmetric superstructure,11,8
Persevering mission-critical help-desk,De-engineered dedicated concept,10,5
Up-sized empowering access,Multi-layered reciprocal interface,5,5
Diverse regional solution,Virtual user-facing info-mediaries,13,1
Triple-buffered bottom-line flexibility,Vision-oriented modular middleware,1,2
Optional encompassing array,Operative composite emulation,3,2
Streamlined zero administration adapter,Up-sized client-driven system engine,5,6
Enterprise-wide stable knowledge base,Organized grid-enabled matrices,16,8
Phased interactive productivity,Business-focused asymmetric projection,5,6
Progressive clear-thinking middleware,Re-engineered exuding local area network,14,2
Pre-emptive background parallelism,Virtual global architecture,10,6
Centralized grid-enabled process improvement,Operative content-based adapter,3,2
Switchable intangible migration,Assimilated holistic system engine,11,2
Adaptive analyzing artificial intelligence,Polarised multimedia moderator,6,3
Optimized transitional emulation,Horizontal incremental internet solution,7,6
Optional client-server capability,De-engineered regional access,13,8
Cross-platform didactic protocol,Seamless directional focus group,9,8
Advanced 24/7 installation,Pre-emptive static time-frame,4,4
Ameliorated secondary benchmark,Streamlined dynamic structure,5,2
Multi-layered disintermediate analyzer,Enhanced neutral conglomeration,9,4
Extended bi-directional service-desk,Persistent content-based budgetary management,15,4
Cross-platform maximized analyzer,Future-proofed background circuit,5,8
Customer-focused actuating definition,Cross-platform zero tolerance process improvement,6,5
User-centric holistic encryption,Adaptive tertiary benchmark,6,5
Team-oriented foreground parallelism,Programmable analyzing open system,1,8
Mandatory attitude-oriented workforce,Customizable encompassing productivity,10,7
Customer-focused holistic database,Devolved executive initiative,1,1
Innovative explicit attitude,Expanded even-keeled implementation,9,4
Innovative demand-driven model,Configurable systematic pricing structure,5,5
Customer-focused zero administration matrices,Integrated national analyzer,5,3
Inverse high-level array,Right-sized high-level strategy,6,6
Right-sized exuding software,Expanded transitional superstructure,9,7
Enterprise-wide local forecast,Mandatory heuristic success,4,4
Operative secondary policy,Universal full-range instruction set,1,4
Front-line non-volatile focus group,Visionary empowering groupware,9,8
Innovative holistic open system,Focused encompassing groupware,8,6
Ameliorated uniform software,Reduced grid-enabled system engine,7,7
Switchable zero administration database,Realigned intermediate algorithm,13,6
Persistent eco-centric portal,Inverse logistical protocol,15,2
Mandatory homogeneous hierarchy,Ameliorated non-volatile interface,10,2
Reduced disintermediate concept,Digitized scalable benchmark,11,5
Self-enabling tertiary strategy,Universal coherent portal,1,3
Phased radical protocol,Reduced stable challenge,15,4
Horizontal value-added algorithm,Realigned bottom-line strategy,9,6
Multi-tiered actuating application,Digitized demand-driven implementation,15,8
Reverse-engineered directional initiative,Customizable solution-oriented moderator,7,2
Automated didactic algorithm,Exclusive hybrid service-desk,14,2
Expanded multimedia circuit,Ergonomic mobile toolset,10,3
Proactive systematic architecture,Object-based systematic support,9,6
Focused client-server system engine,Public-key dynamic knowledge user,11,6
Polarised systemic success,Decentralized interactive support,11,1
Intuitive heuristic moratorium,Grass-roots responsive moderator,5,8
Operative multi-tasking focus group,Sharable logistical benchmark,7,4
Networked contextually-based framework,Visionary foreground support,9,3
Stand-alone full-range pricing structure,Total directional methodology,7,6
Reactive even-keeled architecture,Focused client-server leverage,14,3
Diverse tangible algorithm,Organized 4th generation local area network,5,6
Self-enabling empowering middleware,Implemented responsive policy,15,6
User-friendly next generation application,Optimized radical initiative,11,5
Managed bifurcated secured line,Triple-buffered object-oriented infrastructure,13,2
Synergistic holistic alliance,Decentralized fault-tolerant secured line,8,3
Exclusive value-added hub,Reduced fresh-thinking methodology,12,2
Organic global infrastructure,Adaptive methodical frame,10,2
Digitized 6th generation standardization,Persevering systematic Graphic Interface,1,2
Integrated high-level open architecture,Grass-roots disintermediate collaboration,15,8
Seamless upward-trending structure,Extended fault-tolerant product,11,2
Phased zero administration infrastructure,Customizable content-based secured line,4,1
Optimized background intranet,Configurable client-server secured line,6,1
Visionary bifurcated parallelism,Cross-platform actuating initiative,2,8
Digitized radical budgetary management,Inverse tertiary orchestration,8,6
Optional national projection,Synergistic 4th generation toolset,4,2
Multi-layered upward-trending knowledge user,Customizable heuristic portal,16,6
Focused actuating website,Pre-emptive encompassing Graphical User Interface,5,7
Front-line even-keeled website,Secured eco-centric protocol,6,6
Reactive bi-directional throughput,Innovative human-resource moratorium,11,2
Synergized coherent process improvement,Balanced motivating attitude,11,8
Implemented mission-critical algorithm,De-engineered secondary middleware,1,5
Advanced intermediate data-warehouse,Cross-platform neutral Graphic Interface,4,4
Managed attitude-oriented parallelism,Advanced bottom-line website,2,2
Cross-platform fault-tolerant parallelism,Fully-configurable bi-directional migration,13,6
Managed grid-enabled adapter,Extended asynchronous model,4,8
Virtual bi-directional hub,Programmable background hierarchy,9,1
Focused 6th generation utilisation,Open-architected non-volatile solution,7,6
Exclusive multi-tasking knowledge user,Public-key didactic benchmark,16,5
Automated tertiary algorithm,Expanded transitional focus group,1,3
Multi-lateral 24/7 hub,Stand-alone bandwidth-monitored hub,14,7
Mandatory executive info-mediaries,Monitored encompassing firmware,16,6
Multi-layered transitional interface,Persevering motivating interface,15,8
Vision-oriented intangible methodology,Upgradable bandwidth-monitored access,7,7
Multi-layered context-sensitive paradigm,Right-sized 5th generation definition,5,4
Team-oriented context-sensitive secured line,Versatile fault-tolerant migration,2,6
Ergonomic leading edge concept,Cross-platform foreground conglomeration,16,6
Phased leading edge website,Optimized 5th generation approach,13,7
Switchable bandwidth-monitored system engine,Right-sized tangible alliance,6,3
Networked clear-thinking application,Reduced composite Graphic Interface,2,4
De-engineered mobile approach,Universal hybrid alliance,9,6
Innovative clear-thinking task-force,Horizontal motivating pricing structure,14,2
Reactive executive adapter,Focused hybrid analyzer,9,2
Extended leading edge focus group,Synergistic radical firmware,13,8
Profit-focused reciprocal approach,Fully-configurable tertiary middleware,7,1
Reverse-engineered intangible complexity,Visionary disintermediate algorithm,14,5
Advanced static architecture,Ameliorated composite productivity,14,5
Extended multi-tasking neural-net,Progressive executive parallelism,11,4
Exclusive bi-directional model,Profit-focused homogeneous process improvement,1,1
Quality-focused directional interface,Operative human-resource project,9,8
Right-sized asymmetric core,Universal bifurcated utilisation,5,6
Inverse solution-oriented archive,Reactive executive adapter,1,3
Virtual tangible forecast,Phased homogeneous instruction set,6,5
Front-line transitional website,Centralized maximized strategy,4,8
Streamlined coherent groupware,Quality-focused contextually-based application,4,5
Digitized mobile parallelism,Polarised coherent conglomeration,16,2
Multi-lateral maximized implementation,Customizable incremental migration,8,3
Cross-group human-resource help-desk,Focused maximized hub,2,6
Persistent mobile matrix,Optimized fresh-thinking application,14,4
Ergonomic tertiary encryption,Operative global knowledge user,6,2
Exclusive client-server algorithm,Visionary even-keeled frame,13,5
Multi-tiered zero tolerance time-frame,Switchable upward-trending definition,1,3
Multi-channelled neutral initiative,Centralized disintermediate knowledge user,6,4
Open-source impactful info-mediaries,Compatible zero administration secured line,13,7
Face to face zero administration interface,Configurable transitional customer loyalty,14,2
Devolved didactic process improvement,Public-key neutral standardization,12,6
Assimilated clear-thinking moderator,Profit-focused intangible time-frame,4,1
Profit-focused homogeneous info-mediaries,Face to face hybrid middleware,2,1
Quality-focused system-worthy focus group,Integrated zero administration hardware,6,7
Vision-oriented even-keeled architecture,User-friendly secondary analyzer,13,4
Implemented empowering database,Right-sized eco-centric synergy,7,8
Multi-layered real-time hardware,Monitored maximized matrix,11,2
Stand-alone responsive budgetary management,Organic mobile hub,5,3
Team-oriented methodical strategy,Right-sized intermediate access,6,5
Versatile executive algorithm,Triple-buffered zero administration complexity,14,2
Reduced full-range capacity,Mandatory didactic secured line,7,3
Stand-alone 24/7 analyzer,Stand-alone incremental synergy,4,7
Digitized grid-enabled budgetary management,Cross-group neutral monitoring,4,5
Total radical parallelism,Realigned client-driven capacity,3,8
Persevering systemic migration,Enhanced client-driven product,11,8
Universal system-worthy moderator,Quality-focused responsive orchestration,10,5
Automated logistical moderator,User-centric encompassing moderator,5,4
Enterprise-wide intermediate array,Sharable national contingency,15,3
Multi-lateral explicit access,Networked 24 hour project,11,3
Optional context-sensitive circuit,Fundamental scalable info-mediaries,9,6
Ameliorated methodical policy,Organic actuating moratorium,11,2
User-centric neutral hierarchy,Synchronised homogeneous groupware,1,8
Compatible encompassing data-warehouse,Multi-channelled tertiary artificial intelligence,4,3
Mandatory static artificial intelligence,Phased multi-tasking task-force,9,3
Distributed high-level secured line,Business-focused executive help-desk,2,7
Cloned value-added encryption,Open-source coherent success,12,4
Front-line radical monitoring,Public-key 5th generation hierarchy,3,7
Robust actuating strategy,Synergistic next generation superstructure,16,8
Sharable dynamic service-desk,Public-key local architecture,16,6
Decentralized multi-state conglomeration,Exclusive 3rd generation focus group,8,6
Virtual even-keeled service-desk,Expanded cohesive orchestration,4,6
Secured didactic service-desk,Up-sized composite encryption,9,2
Universal directional database,Profound value-added core,15,2
Operative background hub,Cloned multi-state moratorium,1,4
Expanded transitional installation,Extended tertiary application,13,7
Total homogeneous focus group,Down-sized interactive initiative,11,4
Optimized 6th generation framework,Configurable logistical instruction set,12,6
Secured full-range groupware,Synchronised secondary portal,8,2
Organized fault-tolerant emulation,Quality-focused multi-tasking instruction set,10,5
Fundamental demand-driven product,Vision-oriented full-range pricing structure,3,3
Reactive multimedia local area network,Cloned analyzing array,3,7
Innovative disintermediate process improvement,Progressive global workforce,3,6
Enterprise-wide modular data-warehouse,Configurable coherent parallelism,6,8
Down-sized leading edge encryption,Self-enabling object-oriented project,4,4
Customer-focused value-added system engine,Intuitive coherent matrix,2,5
Grass-roots transitional website,Balanced tertiary structure,10,6
Mandatory 5th generation solution,Mandatory client-driven data-warehouse,15,1
Focused intermediate focus group,Sharable clear-thinking analyzer,15,1
Persistent clear-thinking toolset,Customer-focused web-enabled local area network,10,2
Inverse maximized methodology,Optimized modular initiative,11,4
Fully-configurable impactful capacity,Synchronised responsive circuit,14,3
Polarised bottom-line productivity,Automated methodical service-desk,9,5
Sharable neutral solution,Digitized clear-thinking architecture,11,2
Synergized bottom-line initiative,Innovative scalable interface,16,1
Configurable dedicated help-desk,Cross-group web-enabled portal,1,2
Integrated composite synergy,Realigned multi-tasking installation,6,6
Intuitive local Graphic Interface,Monitored secondary focus group,3,3
Adaptive demand-driven knowledge base,Assimilated reciprocal methodology,11,3
Organized 3rd generation database,Integrated system-worthy database,10,4
Synchronised encompassing alliance,Function-based secondary attitude,8,5
Face to face multi-state encryption,Switchable methodical info-mediaries,7,2
Quality-focused upward-trending database,Exclusive impactful data-warehouse,13,8
Innovative intermediate standardization,Diverse eco-centric archive,5,8
Phased bandwidth-monitored workforce,Total multimedia moderator,6,7
Total zero tolerance pricing structure,Grass-roots clear-thinking internet solution,16,3
Adaptive methodical challenge,Fundamental neutral solution,2,7
Right-sized uniform framework,Persevering 3rd generation functionalities,14,6
Ergonomic mission-critical encryption,Visionary upward-trending migration,1,2
Operative tertiary initiative,Centralized contextually-based budgetary management,2,7
Switchable full-range approach,Diverse analyzing infrastructure,12,3
Fundamental radical structure,Programmable coherent info-mediaries,14,2
Synchronised dynamic alliance,Programmable global policy,5,5
Public-key optimizing secured line,Mandatory static collaboration,3,7
User-friendly full-range Graphic Interface,Re-contextualized web-enabled help-desk,10,8
Public-key neutral productivity,Object-based analyzing application,10,8
Innovative motivating analyzer,Devolved 24/7 flexibility,5,2
Diverse disintermediate capability,Expanded context-sensitive firmware,2,5
Mandatory bi-directional synergy,Reverse-engineered client-driven instruction set,8,6
Cloned optimizing projection,Polarised eco-centric local area network,14,8
Quality-focused object-oriented extranet,Profit-focused contextually-based open architecture,1,6
Monitored upward-trending instruction set,Virtual transitional process improvement,3,7
Stand-alone clear-thinking architecture,Team-oriented 3rd generation interface,7,4
Open-source 3rd generation forecast,Customer-focused bifurcated success,3,2
Optional tangible monitoring,Advanced bifurcated concept,9,6
Enhanced non-volatile interface,Assimilated holistic ability,3,4
Adaptive optimizing hardware,Function-based multi-state knowledge base,15,3
Customizable zero defect system engine,Cross-group disintermediate framework,14,5
Cloned incremental website,Public-key asymmetric paradigm,6,8
Reverse-engineered didactic strategy,Managed actuating throughput,4,3
Devolved incremental synergy,Grass-roots attitude-oriented artificial intelligence,3,8
Stand-alone needs-based forecast,Public-key 4th generation focus group,1,5
Devolved intermediate task-force,Progressive composite matrix,15,5
Reduced asymmetric help-desk,Optimized next generation functionalities,2,5
Polarised client-driven synergy,Devolved optimal encoding,9,8
Distributed analyzing benchmark,Synchronised contextually-based algorithm,5,8
Exclusive explicit encoding,Stand-alone 24/7 pricing structure,11,8
Robust homogeneous website,Advanced modular frame,4,4
Assimilated 6th generation collaboration,Persevering explicit adapter,12,6
Face to face tangible superstructure,User-centric interactive groupware,2,5
Secured full-range model,Assimilated directional service-desk,7,2
Quality-focused full-range migration,Fully-configurable bandwidth-monitored throughput,8,2
Ergonomic upward-trending emulation,Re-engineered mobile secured line,2,7
Fundamental dynamic throughput,Multi-layered web-enabled attitude,15,2
Triple-buffered incremental hardware,Pre-emptive grid-enabled neural-net,3,4
Advanced transitional service-desk,Public-key bi-directional pricing structure,2,5
Visionary systemic budgetary management,Operative 5th generation artificial intelligence,16,6
Robust global function,Multi-channelled contextually-based portal,5,4
Multi-layered interactive firmware,Integrated full-range complexity,9,3
Function-based systematic groupware,Optional demand-driven extranet,1,8
Profound encompassing encryption,Sharable content-based internet solution,13,8
Polarised 24/7 local area network,Exclusive tangible middleware,9,8
Stand-alone explicit groupware,Optional mobile methodology,12,2
Re-contextualized responsive software,Synergized asynchronous secured line,4,8
Multi-tiered contextually-based parallelism,Visionary intermediate hub,15,5
Reverse-engineered scalable policy,Integrated clear-thinking matrices,10,3
Implemented asymmetric portal,Digitized solution-oriented hub,5,1
Focused client-driven Graphical User Interface,Profound executive moratorium,1,2
Enhanced transitional capacity,Triple-buffered 24 hour emulation,12,2
Re-contextualized system-worthy complexity,Stand-alone dedicated focus group,2,8
Realigned discrete matrix,Quality-focused multi-state open architecture,10,7
Synergized intermediate info-mediaries,Vision-oriented asynchronous application,11,4
Mandatory systematic attitude,Proactive bifurcated monitoring,5,5
Synchronised full-range product,Team-oriented mobile function,12,8
Grass-roots high-level projection,Innovative impactful capacity,15,2
Inverse needs-based local area network,Proactive bifurcated pricing structure,4,8
Decentralized explicit capacity,Synergistic stable productivity,7,4
Triple-buffered impactful throughput,Profit-focused non-volatile pricing structure,13,8
Balanced human-resource knowledge user,Team-oriented directional definition,9,2
Advanced leading edge focus group,Exclusive grid-enabled circuit,12,8
Inverse 6th generation hardware,Phased heuristic flexibility,14,5
Innovative stable budgetary management,Fully-configurable demand-driven local area network,12,1
Centralized attitude-oriented budgetary management,Optional exuding software,8,4
Fully-configurable intermediate installation,Cloned client-server groupware,7,6
Multi-channelled encompassing encryption,Distributed object-oriented groupware,10,2
Compatible 3rd generation strategy,Function-based zero tolerance moratorium,7,1
Advanced secondary model,Front-line discrete conglomeration,12,3
Robust scalable conglomeration,Progressive asymmetric migration,1,6
Streamlined object-oriented capability,Profound executive system engine,13,3
Inverse cohesive approach,Phased 4th generation application,8,2
Sharable even-keeled help-desk,Phased dedicated methodology,7,8
Object-based static core,User-friendly disintermediate hub,6,5
Team-oriented tangible framework,Centralized upward-trending toolset,13,8
Innovative cohesive complexity,Grass-roots modular migration,6,2
Operative mission-critical framework,Business-focused demand-driven firmware,2,6
Exclusive fault-tolerant paradigm,Enterprise-wide directional encryption,6,5
Sharable optimizing software,Progressive logistical knowledge base,4,6
Managed 24 hour budgetary management,Intuitive web-enabled secured line,7,2
Phased dedicated firmware,Digitized global data-warehouse,13,2
Fully-configurable mobile hub,Vision-oriented reciprocal application,14,4
Multi-lateral well-modulated framework,Optimized holistic toolset,14,6
Public-key regional website,Pre-emptive demand-driven projection,16,2
Innovative directional portal,Networked 4th generation benchmark,10,5
Open-source even-keeled local area network,Cross-group responsive capability,12,1
Pre-emptive eco-centric budgetary management,Configurable non-volatile solution,13,3
Triple-buffered high-level system engine,Digitized radical Graphical User Interface,2,7
Future-proofed empowering functionalities,Fully-configurable dynamic function,4,5
Seamless 3rd generation local area network,Persistent upward-trending local area network,9,2
Visionary optimal framework,Triple-buffered bottom-line orchestration,5,5
Distributed 6th generation pricing structure,Open-source didactic frame,15,5
Progressive fault-tolerant application,User-friendly asymmetric open architecture,12,6
Right-sized maximized product,Assimilated bandwidth-monitored collaboration,3,8
Ameliorated 5th generation internet solution,Re-contextualized web-enabled projection,2,7
Business-focused didactic framework,Devolved fault-tolerant paradigm,10,8
De-engineered modular concept,Total logistical interface,13,5
